What is the collective anatomical term for the various structural arrangements that join the bones of the skeleton?,Joints (arthroses)
"According to complexity, how is a synovial joint with only two articular surfaces classified?",Simple joint
"What classification is given to a joint containing more than two articular surfaces, such as the elbow?",Compound joint
What structural feature characterizes a 'complex' synovial joint?,The presence of an intra-articular disc or meniscus
Which joint type consists of almost flat apposing surfaces and primarily permits sliding movements?,Plane joints
What is the anatomical synonym for a uniaxial 'hinge' joint?,Ginglymus
"Which joint type allows rotation only around a single longitudinal axis, such as the radio-ulnar joint?",Trochoid (pivot) joints
"What joint classification describes two convex condyles articulating with concave or flat surfaces, such as the knee?",Bicondylar joints
Metacarpophalangeal joints are examples of which biaxial joint type consisting of an oval surface and an elliptical concavity?,Ellipsoid joints
What is the anatomical synonym for a 'saddle' joint?,Sellar joint
The carpometacarpal joint of the thumb is a classic example of which joint type?,Sellar (saddle) joint
Which multiaxial joint type is formed by a globoid 'head' fitting into an opposing cup?,Spheroidal (ball-and-socket) joints
"In spheroidal joints, at what point in the range of motion is perfect congruence typically achieved?",At the end of the most common movement
What term describes the simplest joint motion involving sliding without appreciable angulation?,Translation
What movement involves a change in angle between the topographical axes of articulating bones?,Angulation
"Which movement combines successive flexion, abduction, extension, and adduction?",Circumduction
"At the shoulder joint, around which specific axis does flexion occur?",An oblique axis through the center of the humeral head
"At the hip joint, around which axis does flexion occur?",A transverse axis
What is the specific name for rotation that is an integral and inevitable accompaniment of a main movement?,Conjunct (coupled) rotation
"What name is given to the fibrocartilaginous annular lip that deepens a joint socket, such as in the hip?",Labrum
"Which term should be strictly reserved for incomplete intra-articular discs, like those in the knee?",Meniscus
What is the shape-based classification of the glenohumeral joint?,Multiaxial spheroidal joint
Which two specific surfaces articulate at the glenohumeral joint?,The head of the humerus and the glenoid fossa of the scapula
What does the stability of the glenohumeral joint primarily depend on?,The surrounding muscular and soft tissue envelope
The elbow joint is functionally classified as what type of joint?,Hinge joint
What are the two primary humeral surfaces that participate in the elbow joint complex?,The trochlea and the capitulum
Which ulnar structure articulates with the humeral trochlea?,Trochlear notch
The capitulum of the humerus articulates with which part of the radius?,Radial head
"Which elbow ligament is triangular and consists of anterior, posterior, and inferior parts?",Ulnar collateral ligament
Which part of the ulnar collateral ligament is the strongest and stiffest?,Anterior band
The radial collateral ligament of the elbow attaches to the lateral epicondyle and which other ligament?,Anular ligament
What is the primary function of the anular ligament in the superior radio-ulnar joint?,Encircling the radial head and holding it against the ulnar radial notch
Which thin fibrous ligament maintains constant tension between the neck of the radius and the ulnar supinator fossa?,Quadrate ligament
Where is the largest pad of fat located within the elbow joint?,Olecranon fossa
Which muscle presses the olecranon fat pad into its fossa during elbow flexion?,Triceps
What bursa lies between the elbow joint capsule and the insertion of the triceps tendon?,Olecranon bursa
"In the anatomical position, what is the approximate degree of the 'carrying angle' of the forearm?",$163^\circ$
Structural cause of the carrying angle: The medial trochlear edge projects approximately how much further than the lateral edge?,$6\text{ mm}$
Under what condition of the elbow joint does the carrying angle disappear?,Full flexion
What anatomical state constitutes the 'close-packed position' of the elbow joint?,Full extension
What is the primary factor limiting flexion at the elbow joint?,Apposition of soft parts (soft tissue approximation)
Which structural arrangement constitutes the 'middle radio-ulnar union'?,The interosseous membrane and ligament
The proximal ulnar structure that enters the olecranon fossa during extension is the _____.,Olecranon process
"What is the joint classification of the sacroiliac joint, where mobility is sacrificed for stability?",Synovial joint
The pubic symphysis is classified as what specific type of joint?,Secondary cartilaginous joint
The hip joint is classified as what type of synovial joint?,Spheroidal (ball-and-socket) joint
Which two structures form the primary articulation of the hip joint?,The femoral head and the acetabulum
How many distinct compartments anatomically comprise the knee joint?,Three
What are the two major functional articulations within the knee joint complex?,Tibiofemoral and patellofemoral joints
Why is the knee joint not considered a 'true' hinge joint?,It possesses variable axes of movement and coupled (conjunct) rotation.
The superior tibiofibular joint is classified as what type of synovial joint?,Plane joint
The inferior tibiofibular joint is classified as what type of joint?,Fibrous joint
Which three bones 'grip' the talus to form the ankle (talocrural) joint?,"Inferior tibia, fibula, and talus"
What are the two primary movements permitted at the ankle (talocrural) joint?,Dorsiflexion and plantarflexion
At which two joint complexes do inversion and eversion of the foot primarily occur?,Talocalcaneonavicular and subtalar joints
"According to Hilton's Law, what is the source of innervation for a movable joint?",Articular branches of the nerves supplying the muscles acting on that joint
Which type of joint nerve ending responds to stretch and adapts slowly?,Ruffini endings
Which joint receptors respond to movement and vibration and adapt rapidly?,Lamellated corpuscles
Which nerve endings in joints are specifically concerned with stereognosis and position sense?,Golgi end organs
Which specific layer of a synovial joint is described as 'relatively insensitive to pain'?,Synovial membrane
What is the structural classification of the intermetatarsal and intercarpal joints?,Plane joints
What shape-based classification is applied to the radiocarpal joint?,Ellipsoid joint
Which joint type possesses concavoconvex surfaces and is also known as a saddle joint?,Sellar joints
What type of rotation can occur independently and may or may not accompany a principal movement?,Adjunct rotation
Which ulnar structure is often fractured in posterior dislocations of the elbow due to impingement against the trochlea?,Coronoid process
"In the ankle, which terms are used specifically to avoid confusion when describing dorsi- and plantar flexion?",Dorsiflexion and plantarflexion
What happens to the carrying angle when the extended forearm is pronated?,"It is masked, bringing the upper arm, semipronated forearm, and hand into line."
Which ligament is taut throughout most of the range of elbow flexion?,Radial collateral ligament
The articular nerves of the elbow are primarily branches of which two main nerves?,Musculocutaneous and radial nerves
Which ulnar structures form the trochlear notch for articulation with the humerus?,Olecranon and coronoid processes
What is the primary function of the fibrocartilaginous labrum in joints like the hip?,Deepening the socket and increasing the area of contact
Which joint type allows primary movements about two orthogonal axes but prevents rotation around a third?,Ellipsoid joints
What type of joint is formed when the radius rotates within the anular ligament?,Trochoid (pivot) joint
"In the foot, setting the whole length of the foot on the ground is termed _____.",Plantigrade
What is the clinical significance of the triangular relationship between the olecranon and humeral epicondyles during elbow flexion?,It is used to assess for dislocation of the elbow.
Which joint connects the lower limb to the axial skeleton?,Sacroiliac joint
Which ligament of the elbow is related posteriorly to the tendon of triceps and anconeus?,The posterior part of the articular capsule
What type of joint is the radio-ulnar superior (proximal) joint?,Synovial pivot (trochoid) joint
The articular nerves that accompany blood vessels to joint epiphyses presumably contain which type of fibers?,Vasomotor and afferent (pain/proprioception) fibers
Which ulnar notch articulates with the radial head peripherally?,Radial notch