How many separate bones typically compose the human skull?,28 bones.
"Which division of the skull surrounds the brain, eyes, and inner/middle ears?",The neurocranium.
Which division of the skull forms the facial skeleton?,The viscerocranium.
What term describes the cancellous bone located between the two tables of compact bone in the skull?,Diploë.
What is the average cranial capacity in an adult human?,Approximately 1400 \text{ ml}.
By what age does the anterior fontanelle typically close?,Approximately 18 months after birth.
The process of fibrous joints in the skull fusing into bone is known as _____.,Synostosis.
What type of ossification involves the direct conversion of mesenchymal condensations into bone?,Intramembranous ossification.
What type of ossification involves a cartilaginous precursor?,Endochondral ossification.
Which embryonic cell population is the primary source of the viscerocranium?,Neural crest cells.
The bones forming the base of the skull primarily develop via which ossification process?,Endochondral ossification.
Which primary cartilaginous joint in the skull base disappears at approximately 14-16 years of age?,The spheno-occipital synchondrosis.
At what synovial joints does the skull articulate with the first cervical vertebra?,The atlanto-occipital joints.
The dome-like upper part of the skull including the skullcap is called the _____.,Calvaria (or calvarium).
What is the median elevation located between the two superciliary arches?,The glabella.
What is the name of the suture that occasionally persists in the midline of the frontal bone?,The metopic (inter-frontal) suture.
What is the anatomical term for the meeting point of the frontonasal and internasal sutures?,The nasion.
Which foramen transmits the supraorbital vessels and nerve?,The supraorbital notch (or foramen).
What landmark represents the characteristic prominence of the chin?,The mental protuberance.
The infraorbital foramen is located in which bone?,The maxilla.
What is the name of the suture that separates the parietal bones from the occipital bone?,The lambdoid suture.
What are the small 'islands' of bone often found within the lambdoid suture called?,Sutural (Wormian) bones.
The sagittal and coronal sutures meet at a landmark called the _____.,Bregma.
The meeting point of the sagittal and lambdoid sutures is called the _____.,Lambda.
Which bone forms the majority of the back and base of the cranium?,The occipital bone.
What large opening in the occipital bone transmits the spinal cord?,The foramen magnum.
The small pharyngeal tubercle is located on which part of the occipital bone?,The basilar part.
Which bone contains the mastoid process?,The temporal bone.
The zygomatic arch is formed by the temporal process of the zygomatic bone and the _____.,Zygomatic process of the temporal bone.
What is the formula for the Cranial Index?,\frac{\text{Breadth}}{\text{Length}} \times 100.
A skull with a Cranial Index below 75.0 is classified as _____.,Dolichocranic (or dolichocephalic).
A skull with a Cranial Index greater than 80.0 is classified as _____.,Brachycranic (or brachycephalic).
What is the classification for a skull with a Cranial Index between 75.0 and 79.9?,Mesocranic (or mesocephalic).
How does the average male cranial capacity compare to that of females?,It is approximately 11\% larger.
Which sex generally exhibits more prominent superciliary arches and mastoid processes?,Males.
Which geographic group typically exhibits skulls characterized by wide faces and facial flatness?,Asians.
Which geographic group typically exhibits skulls with tall nasal regions and prominent midfaces?,Europeans.
African crania are generally characterized as being more _____ than other groups.,Prognathic.
What term describes a growth pattern where parts of the body grow at different relative rates?,Allometric growth.
What term describes a growth pattern involving a progressive proportional increase in all systems?,Isometric growth.
The mental foramen is located in which bone?,The mandible.
What fibrous joint connects the two halves of the maxilla in the midline?,The intermaxillary suture.
The 'root of the nose' is a depression where the nasal bones meet which bone?,The frontal bone.
Which process of the maxilla contains the sockets for the teeth?,The alveolar process.
Which bone forms the lateral margin of the orbit?,The zygomatic bone.
"What landmark represents the meeting of the coronal, sagittal, and lambdoid sutures in the neonate?",The fontanelles (anterior and posterior).
What structure separates the two shallow cerebellar fossae on the internal surface of the occipital bone?,The internal occipital crest.
Which part of the temporal bone opens directly into the mastoid antrum in neonates?,The petrosquamous fissure.
"In adults, the internal occipital protuberance is located near the _____.",Confluence of the sinuses.
"Which part of the mandible is easily detached, leading to its subdivision for navigation?",The body and ramus (the entire mandible).
Which sex typically has a squarer superior margin of the orbits?,Males.
"In the neonate skull, the sagittal and coronal sutures meet at the site of the _____.",Anterior fontanelle.
"Which cranial bone is described as being like 'half a shallow, irregular cap'?",The frontal bone.
What are the two plates of compact bone in the flat skull bones called?,Inner and outer tables.
Which landmark on the occipital bone provides attachment for the falx cerebelli?,The internal occipital crest.
By what age does the spheno-occipital synchondrosis typically fuse?,Between 14 and 16 years of age.
What foramen is found at the junction of the lateral two-thirds and medial third of the supraorbital margin?,The supraorbital notch (or foramen).
What is the term for the premature fusion of sutures during the early growth phase?,Craniosynostosis (implied by 'various cranial abnormalities').
Which structure transmits the infraorbital vessels and nerve?,The infraorbital foramen.
Which bone articulates with the zygomatic bone at the zygomaticomaxillary suture?,The maxilla.
Which suture separates the frontal bone from the parietal bones?,The coronal suture.
Which foramen transmit the mental nerve and vessels?,The mental foramen.
The temporal fascia is attached to which landmark on the parietal bone?,The superior temporal line.
What is the name for the cancelous bone in the skull bones?,Diploë.