"In human anatomy, which two bones connect for a large portion of their length via an interosseous membrane in the upper limb?",Radius and ulna
What is the only bony connection between the pectoral girdle and the axial skeleton?,The sternoclavicular joint
"Which bone of the upper limb is described as the longest and largest, featuring a rounded head and a shaft?",Humerus
The head of the humerus forms an enarthrodial articulation with which specific part of the scapula?,Glenoid cavity
"On the humerus, which structure projects from the front of the shaft close to the head and is limited laterally by a groove?",Lesser tubercle
"Relative to the radius, what is the anatomical position of the ulna in the supinated forearm?",Medial
"Which bone of the forearm features a proximal end described as a ""massive hook"" that is concave forwards?",Ulna
What sharp feature is found on the lateral border of the ulnar shaft?,Interosseous crest
How many bones are contained within the carpus of the hand?,Eight
List the carpal bones of the proximal row in order from radial (lateral) to ulnar (medial).,"Scaphoid, lunate, triquetrum, and pisiform"
List the carpal bones of the distal row in order from radial (lateral) to ulnar (medial).,"Trapezium, trapezoid, capitate, and hamate"
Which carpal bone articulates with the palmar surface of the triquetrum and is separated from the other carpal bones?,Pisiform
The metacarpus consists of how many metacarpal bones?,Five
What anatomical structures are produced by the heads of the metacarpal bones?,Knuckles
Which three fused components make up the innominate bone of the pelvic girdle?,"Ilium, ischium, and pubis"
The pelvic girdle connects the lower limb to the axial skeleton through which specific joint?,Sacroiliac joint
What is the longest and strongest bone in the human body?,Femur
"The distal extremity of the femur consists of a double ""knuckle"" called a _____.",Condyle
"In the leg, which bone is located medial to the fibula?",Tibia
The lateral malleolus is located at the distal end of which bone?,Fibula
"How many major bones are typically identified in the human foot, including sesamoids?",28
"The term ""true pelvis"" is synonymous with the _____ segment of the pelvis.",Lesser
"The ""false pelvis"" is synonymous with the _____ segment of the pelvis.",Greater
What oblique plane divides the greater and lesser pelves?,Pelvic inlet (superior pelvic aperture)
Which three structures together form the linea terminalis of the pelvis?,"Iliac arcuate line, iliopectineal line (pecten), and pubic crest"
"In the standing position, the plane of the pelvic brim typically makes an angle of _____ with the horizontal.",$50-60^{\circ}$
"The posterior arch of the skeletal pelvis, concerned with weight transmission, consists of which vertebrae?",Upper three sacral vertebrae
Which arch of the pelvis acts as a tie beam and compression strut against medial femoral thrust?,Anterior arch (pubic bones and superior rami)
"In terms of sexual dimorphism, are the female iliac blades generally more vertical or more horizontal than the male iliac blades?",More vertical
Which carpal bone is typically the first to begin ossification?,Capitate
Which carpal bone is typically the last to begin ossification?,Pisiform
"During limb development, most appendicular bones are derived from which type of mesenchyme?",Somatopleuric mesenchyme
"While most of the scapula arises from somatopleuric mesenchyme, which two parts are derived from the somites?",Body and spine
At which developmental stage can the humeral anlage first be recognized?,Stage 16
The carpal bones typically chondrify during which developmental stage?,Stage 18
Which bone of the forearm is positioned laterally in the supinated position?,Radius
"In the foot, the five bones that connect the tarsus to the phalanges are the _____.",Metatarsals
Which tarsal bone articulates with the tibia and fibula to form the ankle joint?,Talus
"What is the largest bone of the tarsus, forming the heel?",Calcaneus
Which bone of the lower limb is referred to as the sesamoid bone associated with the knee joint?,Patella
What is the anatomical name for the distal end of the tibia that forms the inner ankle prominence?,Medial malleolus
The pelvic girdle consists of two innominate bones and which part of the vertebral column?,Sacrum
"Which part of the innominate bone contains the ""sit bones"" or tuberosities?",Ischium
The acetabulum is formed by the fusion of which three bones?,"Ilium, ischium, and pubis"
"On the scapula, what is the name of the lateral extension of the spine that articulates with the clavicle?",Acromion
What is the name of the beak-like process on the superior border of the scapula?,Coracoid process
"The proximal end of the femur features a large, lateral projection called the _____.",Greater trochanter
"The proximal end of the femur features a smaller, medially directed projection called the _____.",Lesser trochanter
Which carpal bone is wedge-shaped and features a hook-like process on its palmar surface?,Hamate
The thumb is conventionally designated as which metacarpal number?,First
The proximal row of carpal bones articulates with the radius and which other structure?,Articular disc of the distal radio-ulnar joint
Which tarsal bone is situated between the talus posteriorly and the three cuneiform bones anteriorly?,Navicular
How many phalanges are typically found in the human hand?,14
The pecten pubis is the sharp superior edge of which surface of the pubic bone?,Pectineal surface
Which foramen in the pelvis is converted into a canal by a membrane and transmits vessels and a nerve to the thigh?,Obturator foramen
The upper limb develops opposite which specific set of somites?,Somites 8-10
Which region of the developing limb bud controls its orientation and progression?,Progress zone (apical ectodermal ridge and underlying mesenchyme)
"The ""hand plate"" shows notching of the digital rays during which developmental stage?",Stage 18
What term describes the irregular osseous girdle between the femoral heads and the fifth lumbar vertebra?,Skeletal pelvis
What is the primary function of the posterior arch of the pelvis?,Transmitting weight
"The intercristal measurement, or the distance between the iliac crests, is generally greater in which sex?",Males
"In females, which part of the pelvis is specifically adapted to facilitate parturition?",Lesser pelvis (pelvic cavity)
The anatomical term for the heel bone is the _____.,Calcaneus
Which tarsal bone is cube-shaped and located on the lateral side of the foot?,Cuboid
Which part of the femur articulates with the acetabulum of the innominate bone?,Head
The joint formed by the distal ends of the tibia and fibula and the talus is the _____ joint.,Ankle (talocrural)
How many bones are found in the tarsus of the foot?,Seven
Metacarpal bones are categorized as what type of bones?,Miniature long bones
Which bone forms the superior and largest part of the innominate bone?,Ilium
The pubic symphysis is classified as what type of joint?,Secondary cartilaginous joint
"The ""true pelvis"" contains which type of aperture superiorly?",Superior pelvic aperture (pelvic inlet)
Which bone of the upper limb is conventionally the first to chondrify during development?,Humerus
What feature on the distal humerus is adapted to the forearm bones at the elbow joint?,Condyle
The proximal end of the radius is called the _____.,Head
"The phalanges of the hand are named based on their position relative to the trunk as proximal, middle, and _____.",Distal